id,first_name,last_name,email,gender,ip_address
1,Kelly,Simmons,ksimmons0@archive.org,Female,86.201.141.234
2,Eric,Jackson,ejackson1@gravatar.com,Male,181.125.251.199
3,Sharon,Castillo,scastillo2@blogspot.com,Female,193.52.21.212
4,Ralph,Harrison,rharrison3@opera.com,Male,220.89.1.227
5,Martin,Ross,mross4@engadget.com,Male,30.52.103.72
6,Christopher,Gordon,cgordon5@vinaora.com,Male,90.41.212.136
7,David,Hudson,dhudson6@github.io,Male,114.239.251.144
8,Heather,Ross,hross7@wordpress.org,Female,154.173.229.245
9,George,Tucker,gtucker8@ifeng.com,Male,68.133.96.194
10,George,Foster,gfoster9@adobe.com,Male,174.77.243.188
11,Helen,Flores,hfloresa@ezinearticles.com,Female,82.156.62.1
12,Linda,Warren,lwarrenb@columbia.edu,Female,217.36.234.178
13,Gerald,Campbell,gcampbellc@themeforest.net,Male,213.0.179.228
14,Jeffrey,Vasquez,jvasquezd@baidu.com,Male,221.105.95.55
15,Sean,Harper,sharpere@opera.com,Male,252.168.250.133
16,Kenneth,Romero,kromerof@stanford.edu,Male,162.247.9.38
17,Marie,Diaz,mdiazg@sphinn.com,Female,82.222.117.92
18,Steven,Medina,smedinah@aol.com,Male,118.245.0.93
19,Judy,Woods,jwoodsi@census.gov,Female,176.138.117.59
20,Carl,Jacobs,cjacobsj@nydailynews.com,Male,77.220.72.128
21,Michelle,Miller,mmillerk@tripod.com,Female,47.224.103.79
22,Debra,Wood,dwoodl@merriam-webster.com,Female,59.191.165.170
23,Jeremy,Gilbert,jgilbertm@rambler.ru,Male,146.20.100.149
24,Linda,Ellis,lellisn@yandex.ru,Female,201.126.126.21
25,Walter,Burke,wburkeo@ted.com,Male,233.23.254.196
26,Mark,Snyder,msnyderp@51.la,Male,54.54.139.65
27,Lillian,Henry,lhenryq@scribd.com,Female,129.49.112.11
28,Janice,Welch,jwelchr@github.io,Female,24.68.238.23
29,Stephen,Brown,sbrowns@opera.com,Male,105.15.154.34
30,Joe,Butler,jbutlert@i2i.jp,Male,72.41.144.58
31,Charles,Ryan,cryanu@cloudflare.com,Male,42.27.18.224
32,Stephanie,Moore,smoorev@nps.gov,Female,179.3.106.7
33,Matthew,Cook,mcookw@ehow.com,Male,72.223.42.109
34,Walter,Bennett,wbennettx@blinklist.com,Male,96.178.74.129
35,Sean,Gordon,sgordony@blogspot.com,Male,191.71.132.185
36,Harry,Henry,hhenryz@blogger.com,Male,27.51.76.157
37,Ralph,Lynch,rlynch10@t.co,Male,251.73.90.14
38,Walter,Smith,wsmith11@chicagotribune.com,Male,249.238.249.125
39,Ashley,Stephens,astephens12@psu.edu,Female,0.55.201.199
40,Louis,Watkins,lwatkins13@aboutads.info,Male,95.38.251.12
41,Gerald,Gardner,ggardner14@howstuffworks.com,Male,178.152.252.25
42,Mark,Dunn,mdunn15@purevolume.com,Male,111.64.149.245
43,Charles,Watson,cwatson16@addtoany.com,Male,74.43.168.181
44,Frances,Grant,fgrant17@pen.io,Female,16.187.208.200
45,Anthony,Ross,aross18@indiegogo.com,Male,119.88.59.243
46,Jesse,Roberts,jroberts19@narod.ru,Male,155.17.243.96
47,Elizabeth,King,eking1a@marriott.com,Female,234.43.126.78
48,Ralph,Greene,rgreene1b@phpbb.com,Male,103.72.242.57
49,Theresa,Frazier,tfrazier1c@mapquest.com,Female,122.93.98.83
50,Philip,Lewis,plewis1d@ifeng.com,Male,109.226.135.134
51,Matthew,Shaw,mshaw1e@google.com.hk,Male,229.95.42.19
52,Lois,Cooper,lcooper1f@amazonaws.com,Female,51.0.243.148
53,Charles,Sullivan,csullivan1g@un.org,Male,160.240.78.181
54,Melissa,Evans,mevans1h@reddit.com,Female,232.118.117.143
55,Rebecca,Edwards,redwards1i@vimeo.com,Female,111.3.106.50
56,Samuel,Fox,sfox1j@army.mil,Male,207.195.207.243
57,Matthew,Rogers,mrogers1k@booking.com,Male,5.250.236.131
58,Daniel,Garrett,dgarrett1l@cbsnews.com,Male,70.116.227.113
59,Juan,Wilson,jwilson1m@ted.com,Male,187.166.66.167
60,Carlos,Alvarez,calvarez1n@seesaa.net,Male,12.174.47.103
61,Pamela,Carr,pcarr1o@usgs.gov,Female,249.223.214.188
62,Roy,Barnes,rbarnes1p@wikipedia.org,Male,144.69.234.241
63,Gregory,Williams,gwilliams1q@google.com.au,Male,21.210.75.60
64,Sara,Williams,swilliams1r@dailymotion.com,Female,19.199.190.136
65,Kathryn,Andrews,kandrews1s@businessinsider.com,Female,160.87.221.92
66,Bruce,Harrison,bharrison1t@usatoday.com,Male,19.204.175.143
67,John,Stewart,jstewart1u@wordpress.com,Male,247.185.80.206
68,Susan,Graham,sgraham1v@blog.com,Female,189.154.183.220
69,Nicole,Carroll,ncarroll1w@gizmodo.com,Female,194.234.154.72
70,Ruby,George,rgeorge1x@wikimedia.org,Female,255.254.96.111
71,Judith,Grant,jgrant1y@hexun.com,Female,28.48.191.150
72,David,Knight,dknight1z@indiegogo.com,Male,212.1.113.40
73,William,Lewis,wlewis20@etsy.com,Male,96.30.162.217
74,Patricia,Bishop,pbishop21@weather.com,Female,153.166.57.42
75,Martha,Hill,mhill22@usatoday.com,Female,219.148.143.85
76,Diane,Hayes,dhayes23@google.com.au,Female,219.77.211.249
77,Jeffrey,Jordan,jjordan24@nydailynews.com,Male,101.112.103.162
78,Karen,Kelley,kkelley25@unc.edu,Female,66.143.190.144
79,Doris,Reynolds,dreynolds26@last.fm,Female,107.7.135.227
80,Roy,Harrison,rharrison27@fastcompany.com,Male,48.112.249.8
81,Mary,Stewart,mstewart28@wordpress.org,Female,37.84.197.65
82,Elizabeth,Sanders,esanders29@gravatar.com,Female,24.114.171.131
83,Joyce,Richardson,jrichardson2a@ameblo.jp,Female,213.4.34.27
84,Marilyn,Chavez,mchavez2b@nytimes.com,Female,29.254.56.238
85,Gary,Hughes,ghughes2c@zdnet.com,Male,166.230.215.44
86,David,Fernandez,dfernandez2d@dropbox.com,Male,138.15.130.94
87,Philip,Carroll,pcarroll2e@wikipedia.org,Male,69.33.7.253
88,Carlos,Wood,cwood2f@thetimes.co.uk,Male,52.107.186.198
89,Jesse,Brooks,jbrooks2g@about.me,Male,119.39.23.136
90,Richard,Jenkins,rjenkins2h@elpais.com,Male,179.51.155.88
91,Kimberly,Hawkins,khawkins2i@mail.ru,Female,58.139.223.212
92,Donna,Lawrence,dlawrence2j@eepurl.com,Female,145.246.37.129
93,John,Sims,jsims2k@nytimes.com,Male,242.89.194.36
94,Steve,Kennedy,skennedy2l@merriam-webster.com,Male,176.175.65.122
95,Albert,Burton,aburton2m@theglobeandmail.com,Male,113.32.194.219
96,Jack,Duncan,jduncan2n@reference.com,Male,84.144.5.74
97,Julia,Martinez,jmartinez2o@miitbeian.gov.cn,Female,24.200.73.236
98,Gary,Day,gday2p@tiny.cc,Male,98.202.31.229
99,Daniel,Hudson,dhudson2q@toplist.cz,Male,231.113.80.46
100,Harry,Ryan,hryan2r@google.com.br,Male,178.176.44.135
101,Steve,Olson,solson2s@usgs.gov,Male,94.6.176.8
102,Patrick,Lewis,plewis2t@jiathis.com,Male,25.230.90.97
103,Fred,Owens,fowens2u@google.co.uk,Male,104.255.193.211
104,Christine,Bryant,cbryant2v@drupal.org,Female,23.64.131.155
105,Martin,Ross,mross2w@ox.ac.uk,Male,217.30.10.254
106,Helen,Morales,hmorales2x@usgs.gov,Female,77.185.158.80
107,Randy,Carr,rcarr2y@comsenz.com,Male,132.82.203.226
108,Anthony,Morgan,amorgan2z@netscape.com,Male,241.203.224.247
109,Joshua,Dunn,jdunn30@cnet.com,Male,242.83.98.28
110,Debra,Lawson,dlawson31@wired.com,Female,38.244.248.157
111,Ronald,Williamson,rwilliamson32@stumbleupon.com,Male,195.13.93.240
112,Jimmy,King,jking33@virginia.edu,Male,54.187.200.63
113,William,Kennedy,wkennedy34@people.com.cn,Male,229.232.91.154
114,Daniel,Anderson,danderson35@ustream.tv,Male,137.46.3.110
115,Phyllis,Stanley,pstanley36@mapy.cz,Female,139.98.184.94
116,Louise,Ward,lward37@nature.com,Female,72.127.179.5
117,Robert,Washington,rwashington38@nhs.uk,Male,26.16.149.126
118,William,Carr,wcarr39@aol.com,Male,172.202.30.185
119,Laura,Henderson,lhenderson3a@utexas.edu,Female,108.1.43.101
120,Douglas,Robinson,drobinson3b@statcounter.com,Male,166.37.66.171
121,Dennis,Schmidt,dschmidt3c@miibeian.gov.cn,Male,240.61.139.104
122,Phillip,Harvey,pharvey3d@chicagotribune.com,Male,43.68.130.174
123,Antonio,Stephens,astephens3e@eepurl.com,Male,8.175.242.57
124,Steve,Porter,sporter3f@over-blog.com,Male,2.139.218.239
125,Willie,Long,wlong3g@google.ca,Male,17.63.184.183
126,Walter,Morris,wmorris3h@japanpost.jp,Male,60.211.149.225
127,Amanda,Gutierrez,agutierrez3i@timesonline.co.uk,Female,188.189.231.17
128,Virginia,Stevens,vstevens3j@noaa.gov,Female,74.115.20.253
129,Albert,Burke,aburke3k@booking.com,Male,248.178.170.70
130,Alice,Freeman,afreeman3l@zdnet.com,Female,79.203.253.182
131,Carol,Rose,crose3m@sina.com.cn,Female,179.83.202.101
132,Wayne,Parker,wparker3n@guardian.co.uk,Male,156.218.22.202
133,Henry,Marshall,hmarshall3o@barnesandnoble.com,Male,30.35.221.74
134,Earl,Diaz,ediaz3p@reverbnation.com,Male,18.159.201.194
135,Christina,Ramos,cramos3q@timesonline.co.uk,Female,74.230.233.167
136,Anne,Berry,aberry3r@tamu.edu,Female,86.209.249.21
137,Sean,Ferguson,sferguson3s@com.com,Male,71.247.99.216
138,Kathleen,Cox,kcox3t@google.cn,Female,24.15.231.139
139,Robert,Ray,rray3u@google.nl,Male,99.188.1.213
140,Barbara,Jacobs,bjacobs3v@boston.com,Female,49.92.120.103
141,Heather,Wallace,hwallace3w@blogger.com,Female,155.17.196.207
142,Albert,Butler,abutler3x@prnewswire.com,Male,252.70.212.151
143,Eric,Webb,ewebb3y@google.es,Male,138.107.102.234
144,Jason,Andrews,jandrews3z@tripod.com,Male,20.47.63.216
145,Phyllis,Hernandez,phernandez40@alibaba.com,Female,131.235.117.22
146,Sarah,Crawford,scrawford41@cnet.com,Female,88.240.37.37
147,Beverly,Rogers,brogers42@cdbaby.com,Female,217.203.0.110
148,Keith,Fox,kfox43@china.com.cn,Male,157.175.224.42
149,Frances,Torres,ftorres44@noaa.gov,Female,202.4.26.152
150,Anthony,Lee,alee45@stumbleupon.com,Male,159.182.221.95
151,Phillip,Phillips,pphillips46@odnoklassniki.ru,Male,253.191.84.79
152,Marie,Harper,mharper47@pagesperso-orange.fr,Female,152.133.178.165
153,Christine,Flores,cflores48@mit.edu,Female,110.168.62.58
154,Debra,Clark,dclark49@ycombinator.com,Female,197.241.84.149
155,Lisa,Henry,lhenry4a@hhs.gov,Female,238.162.0.25
156,Janet,Kennedy,jkennedy4b@pinterest.com,Female,250.99.123.29
157,Ronald,Thomas,rthomas4c@alibaba.com,Male,11.192.192.84
158,Clarence,Hansen,chansen4d@nhs.uk,Male,209.110.21.198
159,Earl,Howell,ehowell4e@diigo.com,Male,161.149.121.160
160,Jeffrey,Schmidt,jschmidt4f@apple.com,Male,7.60.211.249
161,Katherine,Washington,kwashington4g@bloglovin.com,Female,110.20.194.234
162,Albert,Welch,awelch4h@wisc.edu,Male,122.39.180.192
163,Mildred,Wagner,mwagner4i@huffingtonpost.com,Female,69.139.239.174
164,Clarence,Fox,cfox4j@tripadvisor.com,Male,14.151.199.170
165,Jerry,Owens,jowens4k@cnn.com,Male,216.10.216.163
166,Daniel,Price,dprice4l@livejournal.com,Male,58.127.5.174
167,Andrea,Diaz,adiaz4m@webeden.co.uk,Female,193.244.176.144
168,Sandra,Garcia,sgarcia4n@google.nl,Female,163.118.129.189
169,Ruth,Fisher,rfisher4o@live.com,Female,225.123.121.201
170,James,Washington,jwashington4p@marketwatch.com,Male,160.240.64.103
171,Barbara,Frazier,bfrazier4q@bigcartel.com,Female,207.199.226.231
172,Richard,Lawrence,rlawrence4r@meetup.com,Male,119.160.70.250
173,Carl,Wheeler,cwheeler4s@list-manage.com,Male,204.34.97.61
174,Kenneth,Fields,kfields4t@state.gov,Male,231.90.254.211
175,Chris,Powell,cpowell4u@tinyurl.com,Male,8.254.250.5
176,Michael,Riley,mriley4v@cafepress.com,Male,128.229.18.77
177,Marilyn,Mendoza,mmendoza4w@spotify.com,Female,245.31.71.3
178,Christine,Rice,crice4x@bluehost.com,Female,0.172.229.249
179,Roger,Boyd,rboyd4y@businessweek.com,Male,238.128.165.250
180,Arthur,Ramirez,aramirez4z@parallels.com,Male,13.201.121.203
181,Alan,Andrews,aandrews50@elpais.com,Male,109.78.129.133
182,Ruby,Carroll,rcarroll51@sciencedirect.com,Female,250.125.72.171
183,Bonnie,Lawrence,blawrence52@tinypic.com,Female,138.207.98.127
184,Keith,Johnston,kjohnston53@lycos.com,Male,195.39.87.38
185,Joyce,Kelly,jkelly54@furl.net,Female,33.92.64.112
186,Larry,Ford,lford55@seesaa.net,Male,131.210.45.11
187,Howard,Taylor,htaylor56@army.mil,Male,154.106.32.105
188,Ralph,Sanchez,rsanchez57@pinterest.com,Male,124.3.58.147
189,Joyce,Gutierrez,jgutierrez58@google.pl,Female,162.189.23.107
190,Theresa,Cook,tcook59@hatena.ne.jp,Female,112.179.240.29
191,Tammy,Lawson,tlawson5a@bbc.co.uk,Female,173.81.151.221
192,Daniel,Welch,dwelch5b@symantec.com,Male,67.33.9.207
193,Angela,James,ajames5c@loc.gov,Female,46.54.174.254
194,Robin,Perkins,rperkins5d@vinaora.com,Female,23.157.89.159
195,Doris,Lewis,dlewis5e@columbia.edu,Female,167.244.7.156
196,Chris,Jordan,cjordan5f@deviantart.com,Male,41.253.224.105
197,Roger,Johnson,rjohnson5g@chronoengine.com,Male,83.128.52.163
198,Mary,Moreno,mmoreno5h@shareasale.com,Female,97.49.55.197
199,Andrew,Perry,aperry5i@t-online.de,Male,188.194.115.121
200,Albert,Robertson,arobertson5j@marriott.com,Male,197.111.104.151
201,Roy,Mcdonald,rmcdonald5k@narod.ru,Male,187.58.254.174
202,Heather,Patterson,hpatterson5l@reddit.com,Female,143.142.250.56
203,Angela,Perkins,aperkins5m@lycos.com,Female,181.211.235.23
204,Craig,Garrett,cgarrett5n@cnet.com,Male,217.208.104.178
205,Lori,Nguyen,lnguyen5o@bigcartel.com,Female,92.9.131.112
206,Juan,Reid,jreid5p@meetup.com,Male,165.177.122.29
207,Ralph,Bradley,rbradley5q@skype.com,Male,35.49.22.77
208,Linda,Ruiz,lruiz5r@sphinn.com,Female,25.77.126.195
209,Roy,Kelly,rkelly5s@ihg.com,Male,111.251.2.211
210,Lawrence,Romero,lromero5t@cargocollective.com,Male,173.216.186.94
211,Gary,Lane,glane5u@xing.com,Male,2.27.63.203
212,Bonnie,Price,bprice5v@wordpress.org,Female,150.131.92.217
213,Lori,Nichols,lnichols5w@businessweek.com,Female,112.58.168.68
214,Phillip,Alexander,palexander5x@barnesandnoble.com,Male,14.139.60.70
215,Gary,Fox,gfox5y@house.gov,Male,84.144.13.254
216,Jose,Green,jgreen5z@answers.com,Male,38.59.231.94
217,George,Phillips,gphillips60@google.com,Male,227.136.71.71
218,Betty,Mccoy,bmccoy61@boston.com,Female,46.67.175.23
219,Walter,Roberts,wroberts62@blog.com,Male,190.239.202.170
220,Joyce,Little,jlittle63@shop-pro.jp,Female,6.114.20.208
221,Raymond,Wood,rwood64@sun.com,Male,51.21.53.211
222,Emily,Hunt,ehunt65@studiopress.com,Female,38.125.65.152
223,Shawn,Morgan,smorgan66@hhs.gov,Male,215.106.241.90
224,Nancy,Kelly,nkelly67@irs.gov,Female,87.4.254.71
225,Kelly,Pierce,kpierce68@ft.com,Female,35.185.167.32
226,Ernest,Nguyen,enguyen69@spiegel.de,Male,146.51.25.110
227,Paul,Perry,pperry6a@sciencedirect.com,Male,37.129.164.158
228,Janet,Banks,jbanks6b@moonfruit.com,Female,73.48.96.226
229,Willie,Chavez,wchavez6c@networksolutions.com,Male,82.44.117.244
230,Jeremy,Ross,jross6d@google.ca,Male,16.47.243.157
231,Martin,Ellis,mellis6e@photobucket.com,Male,97.229.89.129
232,Steve,Kelley,skelley6f@behance.net,Male,223.133.124.189
233,Cheryl,Gibson,cgibson6g@geocities.jp,Female,229.143.38.136
234,Daniel,Robinson,drobinson6h@posterous.com,Male,146.30.105.136
235,Roger,Green,rgreen6i@pagesperso-orange.fr,Male,255.207.38.174
236,Walter,Walker,wwalker6j@technorati.com,Male,72.218.166.25
237,Bonnie,Cunningham,bcunningham6k@nifty.com,Female,247.145.41.80
238,Theresa,Clark,tclark6l@usa.gov,Female,39.113.244.93
239,Mark,Mccoy,mmccoy6m@usnews.com,Male,157.200.167.82
240,Diana,Greene,dgreene6n@gov.uk,Female,0.113.2.167
241,Marie,Barnes,mbarnes6o@businessinsider.com,Female,215.59.56.228
242,Janice,Mcdonald,jmcdonald6p@mac.com,Female,155.209.48.156
243,Todd,Wheeler,twheeler6q@answers.com,Male,21.59.130.228
244,Pamela,Bailey,pbailey6r@nyu.edu,Female,151.142.9.156
245,Patricia,Banks,pbanks6s@youtu.be,Female,72.185.242.2
246,George,Holmes,gholmes6t@goo.gl,Male,112.65.189.54
247,Roy,Murray,rmurray6u@opera.com,Male,33.7.155.80
248,Barbara,Medina,bmedina6v@dailymotion.com,Female,206.35.194.8
249,Johnny,Arnold,jarnold6w@irs.gov,Male,222.115.47.214
250,Walter,Watkins,wwatkins6x@icq.com,Male,26.176.45.232
251,Sarah,Hayes,shayes6y@ifeng.com,Female,158.147.122.128
252,Lois,Wagner,lwagner6z@odnoklassniki.ru,Female,190.30.17.104
253,Lori,Andrews,landrews70@instagram.com,Female,40.108.59.94
254,Rebecca,Johnston,rjohnston71@huffingtonpost.com,Female,110.209.31.223
255,Douglas,Hamilton,dhamilton72@about.com,Male,99.47.202.50
256,Jimmy,Murphy,jmurphy73@tmall.com,Male,242.206.163.138
257,Joshua,Martinez,jmartinez74@ed.gov,Male,113.168.0.35
258,Anna,Garza,agarza75@washington.edu,Female,24.50.21.122
259,Anne,Snyder,asnyder76@joomla.org,Female,155.170.12.93
260,Samuel,George,sgeorge77@redcross.org,Male,215.23.45.75
261,Russell,Stanley,rstanley78@patch.com,Male,97.175.63.142
262,James,Morales,jmorales79@live.com,Male,27.195.142.179
263,Julia,Hawkins,jhawkins7a@feedburner.com,Female,76.161.72.187
264,Melissa,Hunt,mhunt7b@ifeng.com,Female,61.37.111.141
265,Diane,Ray,dray7c@feedburner.com,Female,137.13.170.187
266,Todd,Vasquez,tvasquez7d@sciencedaily.com,Male,144.132.235.249
267,Ruby,Cruz,rcruz7e@goodreads.com,Female,69.243.199.157
268,Tammy,Gordon,tgordon7f@naver.com,Female,65.211.175.244
269,Laura,Spencer,lspencer7g@opera.com,Female,35.228.208.83
270,Gary,Scott,gscott7h@github.com,Male,53.246.188.64
271,Janice,Fuller,jfuller7i@a8.net,Female,228.68.220.191
272,Arthur,Barnes,abarnes7j@amazon.co.jp,Male,251.154.212.90
273,Stephanie,Mcdonald,smcdonald7k@columbia.edu,Female,229.184.7.20
274,Lori,Price,lprice7l@typepad.com,Female,142.154.66.27
275,Adam,Wheeler,awheeler7m@businesswire.com,Male,168.203.20.128
276,Wayne,Hayes,whayes7n@dyndns.org,Male,207.97.98.75
277,Thomas,Grant,tgrant7o@gravatar.com,Male,91.162.97.198
278,Janet,Gomez,jgomez7p@tiny.cc,Female,161.254.41.113
279,Ralph,Hayes,rhayes7q@bing.com,Male,2.69.178.110
280,Roger,Parker,rparker7r@oaic.gov.au,Male,25.234.172.146
281,Jean,Chapman,jchapman7s@icio.us,Female,236.108.248.111
282,Lori,Stephens,lstephens7t@amazon.com,Female,108.139.7.98
283,Rebecca,Tucker,rtucker7u@cisco.com,Female,164.250.76.215
284,Joseph,Diaz,jdiaz7v@about.com,Male,102.231.130.185
285,Bruce,Russell,brussell7w@vistaprint.com,Male,173.188.206.185
286,Scott,Sanders,ssanders7x@mit.edu,Male,167.78.222.67
287,Keith,Allen,kallen7y@google.de,Male,61.156.72.245
288,Jimmy,Hawkins,jhawkins7z@amazon.co.jp,Male,164.235.109.87
289,Carl,Smith,csmith80@unblog.fr,Male,238.18.69.56
290,Doris,Burton,dburton81@aboutads.info,Female,181.170.63.192
291,Carol,Harvey,charvey82@php.net,Female,154.29.247.137
292,Rebecca,Carr,rcarr83@moonfruit.com,Female,189.98.161.113
293,Sean,Bryant,sbryant84@domainmarket.com,Male,207.5.155.166
294,Jeremy,Smith,jsmith85@addtoany.com,Male,151.120.199.225
295,Walter,Willis,wwillis86@mysql.com,Male,70.234.88.105
296,Janet,Burton,jburton87@sogou.com,Female,191.193.20.64
297,Marie,Oliver,moliver88@usda.gov,Female,145.29.72.29
298,Amy,Richards,arichards89@nhs.uk,Female,20.64.182.9
299,Samuel,Moreno,smoreno8a@indiatimes.com,Male,65.253.100.63
300,Wanda,Oliver,woliver8b@merriam-webster.com,Female,111.21.40.137
301,Norma,Gomez,ngomez8c@hc360.com,Female,10.9.78.228
302,John,Scott,jscott8d@stumbleupon.com,Male,116.216.58.252
303,Lisa,Mcdonald,lmcdonald8e@mysql.com,Female,77.217.80.148
304,Tammy,Greene,tgreene8f@hostgator.com,Female,96.18.151.44
305,Samuel,Carter,scarter8g@exblog.jp,Male,125.132.53.73
306,Mark,Alexander,malexander8h@prlog.org,Male,129.91.5.185
307,Christina,Ryan,cryan8i@java.com,Female,165.38.147.114
308,Betty,Andrews,bandrews8j@howstuffworks.com,Female,207.216.254.150
309,Elizabeth,Hawkins,ehawkins8k@edublogs.org,Female,241.21.27.84
310,Heather,Elliott,helliott8l@cloudflare.com,Female,164.213.121.116
311,Jimmy,Martinez,jmartinez8m@seesaa.net,Male,158.17.76.104
312,Daniel,Garza,dgarza8n@nationalgeographic.com,Male,224.116.73.65
313,Eugene,Hunt,ehunt8o@mozilla.com,Male,217.43.36.76
314,Louis,Ray,lray8p@ow.ly,Male,209.56.151.246
315,Jesse,Green,jgreen8q@howstuffworks.com,Male,201.144.229.108
316,Paula,Young,pyoung8r@msn.com,Female,68.51.39.217
317,Christina,Carroll,ccarroll8s@smh.com.au,Female,205.183.34.224
318,Ruby,Boyd,rboyd8t@businesswire.com,Female,204.86.208.103
319,James,Pierce,jpierce8u@hubpages.com,Male,55.123.226.12
320,Sean,Woods,swoods8v@shareasale.com,Male,73.112.193.24
321,Ryan,Daniels,rdaniels8w@cnbc.com,Male,45.227.19.69
322,Rose,Torres,rtorres8x@soundcloud.com,Female,222.245.135.134
323,Judy,Washington,jwashington8y@oakley.com,Female,81.72.67.181
324,Russell,Perez,rperez8z@washington.edu,Male,84.73.140.47
325,Carolyn,Mitchell,cmitchell90@gizmodo.com,Female,116.118.53.253
326,Dennis,Stephens,dstephens91@nyu.edu,Male,122.60.215.115
327,Katherine,Anderson,kanderson92@wix.com,Female,253.180.113.176
328,Anthony,Garza,agarza93@apache.org,Male,204.42.56.58
329,Sean,Brooks,sbrooks94@macromedia.com,Male,222.137.0.206
330,Tammy,Reid,treid95@discovery.com,Female,68.105.28.45
331,Helen,Reid,hreid96@uiuc.edu,Female,115.254.245.101
332,Ralph,Henderson,rhenderson97@sphinn.com,Male,152.36.96.88
333,Christopher,Foster,cfoster98@behance.net,Male,39.57.216.12
334,Richard,Jackson,rjackson99@icq.com,Male,2.149.77.180
335,Sarah,Johnston,sjohnston9a@zimbio.com,Female,108.56.134.159
336,Phyllis,Black,pblack9b@dot.gov,Female,254.114.17.84
337,Thomas,Bell,tbell9c@wikia.com,Male,243.254.40.65
338,Margaret,Willis,mwillis9d@stumbleupon.com,Female,183.120.12.94
339,Mary,Greene,mgreene9e@macromedia.com,Female,175.121.162.194
340,Billy,Marshall,bmarshall9f@clickbank.net,Male,80.9.162.153
341,Heather,Patterson,hpatterson9g@simplemachines.org,Female,123.178.159.170
342,Gary,Cruz,gcruz9h@themeforest.net,Male,195.225.2.244
343,Dorothy,Jones,djones9i@tuttocitta.it,Female,119.192.30.50
344,Earl,Brown,ebrown9j@mapquest.com,Male,181.61.104.226
345,Lisa,Torres,ltorres9k@twitpic.com,Female,63.232.194.88
346,Chris,Martin,cmartin9l@sitemeter.com,Male,47.215.38.220
347,Christopher,Sanchez,csanchez9m@feedburner.com,Male,121.239.114.163
348,Barbara,Rogers,brogers9n@dagondesign.com,Female,186.91.53.249
349,Nicholas,Porter,nporter9o@biblegateway.com,Male,121.225.179.23
350,Marilyn,Carr,mcarr9p@bbb.org,Female,155.152.43.217
351,Emily,Harrison,eharrison9q@census.gov,Female,142.155.144.238
352,Amanda,Fisher,afisher9r@virginia.edu,Female,99.58.231.245
353,Keith,Matthews,kmatthews9s@mysql.com,Male,23.141.228.7
354,Karen,Chapman,kchapman9t@google.de,Female,37.206.63.0
355,Katherine,Bell,kbell9u@symantec.com,Female,48.248.176.106
356,Sara,Henderson,shenderson9v@soundcloud.com,Female,233.151.200.246
357,Henry,Jones,hjones9w@chron.com,Male,147.47.28.161
358,Joshua,Brown,jbrown9x@prnewswire.com,Male,167.171.158.205
359,Melissa,Andrews,mandrews9y@rambler.ru,Female,254.84.211.57
360,Andrea,Cunningham,acunningham9z@cbsnews.com,Female,49.3.156.137
361,Rebecca,Morris,rmorrisa0@google.com.br,Female,157.123.34.249
362,Lillian,Butler,lbutlera1@nationalgeographic.com,Female,38.64.225.243
363,Deborah,Sims,dsimsa2@is.gd,Female,37.35.237.206
364,Norma,Burke,nburkea3@thetimes.co.uk,Female,160.209.30.97
365,Ruby,Roberts,rrobertsa4@t-online.de,Female,52.33.101.70
366,Carolyn,Kelley,ckelleya5@paginegialle.it,Female,98.248.44.62
367,Sharon,Clark,sclarka6@youtu.be,Female,42.79.30.201
368,Jennifer,Porter,jportera7@privacy.gov.au,Female,53.109.76.85
369,Steve,Fields,sfieldsa8@artisteer.com,Male,96.6.31.137
370,Joseph,Rodriguez,jrodrigueza9@irs.gov,Male,54.188.215.50
371,Doris,Hall,dhallaa@cargocollective.com,Female,171.3.115.116
372,Jacqueline,Arnold,jarnoldab@fda.gov,Female,96.165.94.177
373,Tina,Stewart,tstewartac@mysql.com,Female,194.209.144.153
374,Donald,Kelly,dkellyad@indiatimes.com,Male,212.4.70.250
375,Angela,West,awestae@soundcloud.com,Female,38.136.155.166
376,Martin,Freeman,mfreemanaf@nytimes.com,Male,154.20.186.251
377,John,Russell,jrussellag@webnode.com,Male,53.140.208.115
378,Arthur,Stewart,astewartah@histats.com,Male,221.131.170.153
379,Peter,Gray,pgrayai@sbwire.com,Male,228.16.20.211
380,Phyllis,Rogers,progersaj@g.co,Female,206.174.117.163
381,Marilyn,Garrett,mgarrettak@mac.com,Female,16.87.136.79
382,Sarah,Olson,solsonal@upenn.edu,Female,28.144.188.167
383,Robin,Payne,rpayneam@icio.us,Female,9.118.170.138
384,Annie,Watson,awatsonan@salon.com,Female,160.125.76.148
385,Michael,Sanders,msandersao@mashable.com,Male,160.14.44.12
386,Andrew,Watson,awatsonap@howstuffworks.com,Male,68.91.182.57
387,Stephanie,Cook,scookaq@mysql.com,Female,129.198.19.214
388,Jacqueline,Gonzalez,jgonzalezar@blog.com,Female,29.227.214.71
389,Albert,Boyd,aboydas@hud.gov,Male,118.206.249.182
390,Dorothy,Butler,dbutlerat@imageshack.us,Female,214.216.23.194
391,Samuel,Wells,swellsau@elegantthemes.com,Male,230.89.147.250
392,Tina,Ray,trayav@is.gd,Female,17.19.74.183
393,Eugene,Bryant,ebryantaw@elpais.com,Male,151.235.29.114
394,Kathleen,Larson,klarsonax@reuters.com,Female,191.69.58.90
395,Diane,Perez,dperezay@army.mil,Female,147.211.182.184
396,Arthur,Garcia,agarciaaz@addthis.com,Male,152.32.66.46
397,Antonio,Russell,arussellb0@free.fr,Male,233.168.13.54
398,Billy,Hughes,bhughesb1@who.int,Male,222.220.18.109
399,Eugene,Jacobs,ejacobsb2@ox.ac.uk,Male,45.101.234.59
400,Frances,Knight,fknightb3@stumbleupon.com,Female,130.68.235.200
401,Steve,Richards,srichardsb4@nyu.edu,Male,206.96.239.206
402,Howard,Hughes,hhughesb5@artisteer.com,Male,30.17.5.71
403,Jonathan,Barnes,jbarnesb6@webs.com,Male,216.161.187.85
404,Denise,Davis,ddavisb7@hatena.ne.jp,Female,119.113.237.245
405,Marilyn,Burns,mburnsb8@ox.ac.uk,Female,65.232.65.162
406,Philip,Burke,pburkeb9@symantec.com,Male,183.62.29.181
407,Scott,Castillo,scastilloba@gnu.org,Male,8.138.108.31
408,Justin,Adams,jadamsbb@guardian.co.uk,Male,40.67.90.181
409,Ruth,Barnes,rbarnesbc@apache.org,Female,53.56.199.33
410,Rebecca,Lawrence,rlawrencebd@miibeian.gov.cn,Female,205.137.136.191
411,Raymond,Wagner,rwagnerbe@amazon.co.jp,Male,172.47.6.210
412,John,Montgomery,jmontgomerybf@dailymotion.com,Male,185.135.230.19
413,Beverly,Jackson,bjacksonbg@shareasale.com,Female,224.75.172.22
414,Andrew,Williamson,awilliamsonbh@foxnews.com,Male,140.97.40.142
415,Gary,Young,gyoungbi@surveymonkey.com,Male,42.189.196.157
416,Roy,Harris,rharrisbj@soup.io,Male,252.187.32.226
417,Shawn,Little,slittlebk@smh.com.au,Male,202.95.134.113
418,Willie,Wright,wwrightbl@senate.gov,Male,66.81.0.112
419,Donald,Burns,dburnsbm@typepad.com,Male,146.217.167.115
420,Louis,Scott,lscottbn@nba.com,Male,234.12.215.42
421,Peter,Hawkins,phawkinsbo@wiley.com,Male,123.28.243.247
422,Janice,Moore,jmoorebp@pen.io,Female,38.146.149.113
423,Lisa,Wagner,lwagnerbq@examiner.com,Female,217.80.54.132
424,Helen,Evans,hevansbr@reddit.com,Female,41.1.71.60
425,Norma,Harris,nharrisbs@jigsy.com,Female,93.219.69.200
426,Russell,Rice,rricebt@acquirethisname.com,Male,91.111.205.251
427,Douglas,Elliott,delliottbu@shinystat.com,Male,61.99.195.182
428,Christopher,Walker,cwalkerbv@google.ca,Male,236.164.138.246
429,Benjamin,Hughes,bhughesbw@prlog.org,Male,196.90.44.56
430,Judith,Johnston,jjohnstonbx@seesaa.net,Female,124.222.126.129
431,Michelle,Cunningham,mcunninghamby@moonfruit.com,Female,110.132.118.86
432,Christina,West,cwestbz@yale.edu,Female,204.51.62.90
433,Mildred,Reid,mreidc0@sun.com,Female,76.174.187.221
434,Paula,Graham,pgrahamc1@1688.com,Female,216.135.222.154
435,Harold,Stone,hstonec2@hud.gov,Male,3.70.250.38
436,Fred,Hudson,fhudsonc3@vimeo.com,Male,154.144.78.57
437,Michael,Johnston,mjohnstonc4@wunderground.com,Male,163.40.149.155
438,Walter,Roberts,wrobertsc5@dailymail.co.uk,Male,190.183.180.103
439,Brandon,Walker,bwalkerc6@miitbeian.gov.cn,Male,86.65.249.33
440,Brandon,Hansen,bhansenc7@odnoklassniki.ru,Male,153.117.162.123
441,Stephanie,Armstrong,sarmstrongc8@gmpg.org,Female,225.70.175.76
442,Terry,Bowman,tbowmanc9@prweb.com,Male,137.13.32.38
443,George,Fields,gfieldsca@hp.com,Male,213.170.192.213
444,Christina,Mcdonald,cmcdonaldcb@tripod.com,Female,245.197.189.137
445,Lois,Andrews,landrewscc@virginia.edu,Female,209.0.245.166
446,Lillian,Collins,lcollinscd@alibaba.com,Female,184.250.192.240
447,Wayne,Hicks,whicksce@reuters.com,Male,153.203.95.229
448,Joan,Elliott,jelliottcf@guardian.co.uk,Female,228.55.111.234
449,Johnny,Cunningham,jcunninghamcg@purevolume.com,Male,114.104.100.225
450,Fred,Howard,fhowardch@sourceforge.net,Male,109.85.81.11
451,Clarence,Barnes,cbarnesci@telegraph.co.uk,Male,221.152.154.103
452,Lori,Riley,lrileycj@123-reg.co.uk,Female,11.225.243.154
453,Thomas,Davis,tdavisck@uol.com.br,Male,119.139.193.87
454,Patricia,Henry,phenrycl@blog.com,Female,6.232.53.48
455,James,Bowman,jbowmancm@opera.com,Male,120.46.154.13
456,Maria,Ramos,mramoscn@guardian.co.uk,Female,102.168.33.245
457,Gary,Moreno,gmorenoco@wikimedia.org,Male,71.47.70.28
458,Cheryl,Patterson,cpattersoncp@vistaprint.com,Female,27.30.9.161
459,Jacqueline,Lewis,jlewiscq@eventbrite.com,Female,189.251.22.125
460,Adam,Phillips,aphillipscr@howstuffworks.com,Male,124.221.77.180
461,Albert,Day,adaycs@vkontakte.ru,Male,159.99.175.83
462,Aaron,Wood,awoodct@prlog.org,Male,46.87.213.48
463,Dorothy,Stephens,dstephenscu@moonfruit.com,Female,255.117.132.30
464,Annie,Hart,ahartcv@g.co,Female,152.96.62.27
465,Lois,Woods,lwoodscw@qq.com,Female,215.31.202.217
466,Stephanie,Peters,speterscx@youtu.be,Female,216.162.145.163
467,Pamela,Armstrong,parmstrongcy@bloglovin.com,Female,233.134.149.188
468,Dorothy,Hunt,dhuntcz@cisco.com,Female,211.249.78.80
469,Rebecca,Turner,rturnerd0@typepad.com,Female,33.202.23.255
470,Brian,Mendoza,bmendozad1@comsenz.com,Male,165.190.121.75
471,Randy,Marshall,rmarshalld2@gov.uk,Male,185.108.240.174
472,Aaron,Mills,amillsd3@miitbeian.gov.cn,Male,21.83.156.39
473,Ashley,Wilson,awilsond4@slate.com,Female,227.51.192.87
474,Laura,Howell,lhowelld5@techcrunch.com,Female,169.225.24.151
475,Juan,Thomas,jthomasd6@bandcamp.com,Male,98.6.179.238
476,Kenneth,Vasquez,kvasquezd7@spotify.com,Male,228.175.40.0
477,Ann,Hernandez,ahernandezd8@businessweek.com,Female,21.234.251.2
478,Irene,Jones,ijonesd9@t.co,Female,165.252.5.227
479,Sean,Patterson,spattersonda@163.com,Male,91.205.38.84
480,Terry,Dunn,tdunndb@vistaprint.com,Male,110.228.212.6
481,Carol,Gonzalez,cgonzalezdc@sina.com.cn,Female,253.82.156.202
482,Bobby,Hunt,bhuntdd@drupal.org,Male,35.181.103.251
483,William,Marshall,wmarshallde@illinois.edu,Male,250.31.156.188
484,Peter,Austin,paustindf@wikipedia.org,Male,139.240.67.138
485,Howard,Ramirez,hramirezdg@mozilla.com,Male,60.255.41.138
486,Martha,Lane,mlanedh@networkadvertising.org,Female,77.54.230.217
487,Philip,Hall,phalldi@paginegialle.it,Male,238.25.52.128
488,Albert,Gordon,agordondj@taobao.com,Male,219.128.61.169
489,Alice,Gardner,agardnerdk@shinystat.com,Female,41.66.122.69
490,Janice,Howell,jhowelldl@shop-pro.jp,Female,52.145.62.118
491,Barbara,Mitchell,bmitchelldm@google.co.uk,Female,180.6.89.249
492,Gregory,Austin,gaustindn@ehow.com,Male,131.96.136.0
493,Beverly,Chapman,bchapmando@nationalgeographic.com,Female,167.98.134.46
494,Heather,Hudson,hhudsondp@csmonitor.com,Female,99.76.9.190
495,Eric,Morales,emoralesdq@wikipedia.org,Male,9.7.123.57
496,Phyllis,Ross,prossdr@google.pl,Female,180.4.153.111
497,Howard,White,hwhiteds@amazon.com,Male,78.39.248.142
498,Joseph,Harper,jharperdt@ask.com,Male,29.208.253.168
499,Patrick,Morris,pmorrisdu@prnewswire.com,Male,50.250.215.81
500,Pamela,Cook,pcookdv@yellowbook.com,Female,111.247.221.200
501,David,Flores,dfloresdw@weibo.com,Male,174.73.40.47
502,Billy,Morris,bmorrisdx@oaic.gov.au,Male,248.99.191.110
503,Linda,Franklin,lfranklindy@360.cn,Female,126.142.80.179
504,Philip,Long,plongdz@1688.com,Male,140.51.86.122
505,Brandon,Austin,baustine0@microsoft.com,Male,253.98.252.67
506,Betty,Palmer,bpalmere1@ning.com,Female,135.89.115.2
507,Stephanie,Crawford,scrawforde2@etsy.com,Female,93.74.224.192
508,Matthew,Sullivan,msullivane3@jugem.jp,Male,10.239.10.91
509,Ernest,Mason,emasone4@wufoo.com,Male,115.248.98.62
510,Wanda,Morgan,wmorgane5@nationalgeographic.com,Female,44.192.8.211
511,Doris,Gray,dgraye6@slate.com,Female,53.239.161.186
512,Harold,Nichols,hnicholse7@aol.com,Male,156.72.22.49
513,Sharon,Jordan,sjordane8@jalbum.net,Female,190.72.160.139
514,Bruce,Bowman,bbowmane9@qq.com,Male,154.152.250.75
515,Shawn,Nelson,snelsonea@topsy.com,Male,170.84.71.201
516,Peter,Tucker,ptuckereb@examiner.com,Male,163.47.38.108
517,Nicholas,Stephens,nstephensec@upenn.edu,Male,163.112.177.18
518,Anna,Murphy,amurphyed@jalbum.net,Female,220.11.190.28
519,Janet,Warren,jwarrenee@lycos.com,Female,17.116.229.45
520,Paula,Coleman,pcolemanef@dailymail.co.uk,Female,129.179.16.116
521,Bruce,Ryan,bryaneg@cam.ac.uk,Male,162.180.80.91
522,Joshua,Fields,jfieldseh@hc360.com,Male,156.51.197.72
523,Margaret,Bowman,mbowmanei@cisco.com,Female,53.6.136.232
524,Roy,Day,rdayej@columbia.edu,Male,133.113.106.139
525,Scott,Fox,sfoxek@hao123.com,Male,108.121.203.238
526,Michelle,Wilson,mwilsonel@last.fm,Female,4.159.109.131
527,Ernest,Chavez,echavezem@meetup.com,Male,108.69.150.59
528,Theresa,Lee,tleeen@odnoklassniki.ru,Female,23.214.248.15
529,Teresa,Mills,tmillseo@businesswire.com,Female,251.250.251.10
530,Marie,Garrett,mgarrettep@craigslist.org,Female,250.158.197.199
531,Albert,Fernandez,afernandezeq@amazon.de,Male,134.92.214.68
532,Anne,Bailey,abaileyer@scientificamerican.com,Female,99.213.83.252
533,Lawrence,Coleman,lcolemanes@booking.com,Male,253.3.104.66
534,Katherine,Ford,kfordet@independent.co.uk,Female,185.53.189.176
535,Dennis,Hawkins,dhawkinseu@mac.com,Male,189.228.30.121
536,Willie,Gibson,wgibsonev@cornell.edu,Male,106.118.75.183
537,Ashley,Wheeler,awheelerew@miibeian.gov.cn,Female,152.186.15.10
538,Christine,Weaver,cweaverex@tumblr.com,Female,216.82.232.146
539,Rose,Hicks,rhicksey@skype.com,Female,145.20.66.118
540,Bobby,Hughes,bhughesez@digg.com,Male,151.140.1.145
541,Phillip,Butler,pbutlerf0@yahoo.com,Male,61.184.38.15
542,Eric,Griffin,egriffinf1@jugem.jp,Male,194.40.131.83
543,Harry,Bailey,hbaileyf2@auda.org.au,Male,212.213.159.131
544,Tina,Mendoza,tmendozaf3@flavors.me,Female,111.209.18.55
545,Russell,Murphy,rmurphyf4@admin.ch,Male,79.201.133.213
546,Carl,Hamilton,chamiltonf5@opensource.org,Male,245.5.18.111
547,Jonathan,Armstrong,jarmstrongf6@hugedomains.com,Male,121.20.138.145
548,Louise,Ruiz,lruizf7@creativecommons.org,Female,2.57.83.254
549,Judith,Peterson,jpetersonf8@youtu.be,Female,128.255.67.17
550,Rose,Mills,rmillsf9@time.com,Female,233.51.120.161
551,Emily,Bennett,ebennettfa@smugmug.com,Female,61.99.89.12
552,Jean,Harrison,jharrisonfb@chron.com,Female,4.120.198.207
553,Doris,Cooper,dcooperfc@redcross.org,Female,14.132.140.135
554,Gregory,Barnes,gbarnesfd@latimes.com,Male,242.219.191.245
555,Victor,Ward,vwardfe@senate.gov,Male,184.22.169.130
556,Evelyn,Mcdonald,emcdonaldff@utexas.edu,Female,144.151.248.148
557,Lois,Rogers,lrogersfg@google.com.au,Female,97.217.5.176
558,Deborah,Warren,dwarrenfh@theatlantic.com,Female,238.42.71.179
559,William,Webb,wwebbfi@dyndns.org,Male,163.82.47.33
560,Debra,Martinez,dmartinezfj@netlog.com,Female,128.126.241.116
561,Julie,Diaz,jdiazfk@google.de,Female,86.91.216.181
562,Arthur,Gonzales,agonzalesfl@stumbleupon.com,Male,216.204.223.25
563,Dennis,Burke,dburkefm@apple.com,Male,128.60.203.7
564,Beverly,Bradley,bbradleyfn@reuters.com,Female,180.241.31.226
565,Kevin,Price,kpricefo@1688.com,Male,71.50.65.174
566,Dorothy,Edwards,dedwardsfp@photobucket.com,Female,216.156.240.248
567,Clarence,Howell,chowellfq@mysql.com,Male,13.181.43.213
568,Jessica,Hayes,jhayesfr@microsoft.com,Female,166.37.247.168
569,Amy,Lopez,alopezfs@comsenz.com,Female,165.244.136.225
570,Patrick,Myers,pmyersft@skyrock.com,Male,69.132.105.178
571,Anne,Stephens,astephensfu@php.net,Female,76.94.35.5
572,Ryan,Lawson,rlawsonfv@pbs.org,Male,224.52.7.131
573,Denise,Price,dpricefw@wordpress.org,Female,144.53.235.246
574,Donald,White,dwhitefx@sfgate.com,Male,125.83.230.14
575,Jean,Fuller,jfullerfy@baidu.com,Female,16.180.11.145
576,Anna,Ross,arossfz@adobe.com,Female,136.153.248.160
577,Jesse,Hunter,jhunterg0@flickr.com,Male,231.99.56.100
578,Irene,Welch,iwelchg1@google.com,Female,148.13.64.219
579,Susan,Gutierrez,sgutierrezg2@freewebs.com,Female,28.116.228.222
580,Michelle,Harris,mharrisg3@amazon.com,Female,213.96.238.110
581,Phillip,Martinez,pmartinezg4@businessweek.com,Male,94.235.11.116
582,Amy,Carter,acarterg5@tiny.cc,Female,161.111.219.249
583,Johnny,Perkins,jperkinsg6@gravatar.com,Male,129.198.64.166
584,Amanda,Daniels,adanielsg7@seesaa.net,Female,32.145.127.126
585,Mary,Phillips,mphillipsg8@ovh.net,Female,17.117.151.58
586,Peter,Harrison,pharrisong9@facebook.com,Male,250.212.254.95
587,Carolyn,Lawson,clawsonga@google.co.uk,Female,247.201.203.55
588,Henry,Green,hgreengb@biglobe.ne.jp,Male,78.164.143.75
589,Rose,Howell,rhowellgc@livejournal.com,Female,63.39.223.106
590,Bonnie,Crawford,bcrawfordgd@wikispaces.com,Female,216.209.189.47
591,Howard,Richardson,hrichardsonge@tinyurl.com,Male,69.176.245.227
592,Eric,Scott,escottgf@google.cn,Male,228.59.201.15
593,Donna,Howell,dhowellgg@linkedin.com,Female,92.131.105.137
594,Ryan,Thompson,rthompsongh@toplist.cz,Male,70.101.32.47
595,Joe,Lawrence,jlawrencegi@geocities.com,Male,26.69.34.51
596,Tina,Burke,tburkegj@lulu.com,Female,96.69.183.160
597,Robert,Young,ryounggk@youtube.com,Male,247.214.115.153
598,Ashley,Turner,aturnergl@un.org,Female,15.184.134.68
599,Jeffrey,Boyd,jboydgm@adobe.com,Male,144.238.137.235
600,Debra,Bryant,dbryantgn@cam.ac.uk,Female,113.82.173.157
601,Brian,Hawkins,bhawkinsgo@reuters.com,Male,155.40.247.38
602,Aaron,Owens,aowensgp@diigo.com,Male,151.229.78.160
603,Paula,Flores,pfloresgq@telegraph.co.uk,Female,214.235.106.228
604,Raymond,Patterson,rpattersongr@nhs.uk,Male,128.192.214.138
605,Raymond,Henderson,rhendersongs@fda.gov,Male,146.89.245.89
606,Russell,Porter,rportergt@japanpost.jp,Male,157.189.50.83
607,Ashley,Hanson,ahansongu@alexa.com,Female,167.75.167.83
608,Aaron,Stevens,astevensgv@tamu.edu,Male,243.228.142.74
609,Kenneth,Day,kdaygw@biblegateway.com,Male,187.111.234.111
610,Anthony,Sims,asimsgx@cnbc.com,Male,100.251.58.48
611,Larry,Berry,lberrygy@domainmarket.com,Male,192.8.79.243
612,Randy,Henderson,rhendersongz@spiegel.de,Male,74.51.27.169
613,Matthew,Frazier,mfrazierh0@google.fr,Male,141.81.178.226
614,Tammy,Gordon,tgordonh1@vistaprint.com,Female,83.175.136.66
615,Julie,Foster,jfosterh2@umich.edu,Female,66.75.138.159
616,Kevin,Cox,kcoxh3@ucoz.com,Male,65.120.243.95
617,Mildred,Payne,mpayneh4@ucoz.ru,Female,201.54.125.32
618,Louise,Foster,lfosterh5@globo.com,Female,35.6.204.41
619,Andrea,Spencer,aspencerh6@people.com.cn,Female,246.120.108.133
620,Eugene,Graham,egrahamh7@blogs.com,Male,36.13.193.245
621,Shirley,Martinez,smartinezh8@soundcloud.com,Female,168.184.46.214
622,Douglas,Williamson,dwilliamsonh9@msn.com,Male,16.188.186.182
623,Joe,Reynolds,jreynoldsha@etsy.com,Male,192.247.149.171
624,Jeremy,Dunn,jdunnhb@indiegogo.com,Male,130.77.240.199
625,Timothy,Moreno,tmorenohc@de.vu,Male,114.156.21.73
626,Dorothy,Thomas,dthomashd@nsw.gov.au,Female,246.208.144.199
627,Tammy,Harrison,tharrisonhe@about.me,Female,211.234.43.229
628,Cynthia,Peterson,cpetersonhf@yahoo.com,Female,226.169.62.96
629,Arthur,Ferguson,afergusonhg@cdc.gov,Male,52.175.61.179
630,Joshua,Flores,jfloreshh@comsenz.com,Male,73.92.51.101
631,Amy,Ruiz,aruizhi@ucoz.com,Female,86.232.43.45
632,Gregory,Harris,gharrishj@ucoz.com,Male,170.192.63.147
633,Ann,Nelson,anelsonhk@adobe.com,Female,186.91.145.195
634,Christopher,Fuller,cfullerhl@xinhuanet.com,Male,49.201.13.12
635,Ernest,Nelson,enelsonhm@bravesites.com,Male,89.185.28.193
636,Willie,Black,wblackhn@unicef.org,Male,245.191.62.137
637,Fred,Hunter,fhunterho@sakura.ne.jp,Male,227.41.35.87
638,Katherine,Morris,kmorrishp@google.co.jp,Female,84.221.162.144
639,Jeremy,Duncan,jduncanhq@bluehost.com,Male,56.185.67.31
640,Randy,Ramos,rramoshr@cnbc.com,Male,186.199.84.224
641,Joe,Mills,jmillshs@amazon.de,Male,105.89.94.95
642,Phyllis,Kelly,pkellyht@gnu.org,Female,106.136.61.155
643,Theresa,Gonzalez,tgonzalezhu@cnbc.com,Female,128.45.53.91
644,Jeffrey,Hudson,jhudsonhv@marriott.com,Male,201.96.142.158
645,Heather,Harris,hharrishw@joomla.org,Female,208.88.252.75
646,Jeffrey,Stewart,jstewarthx@apache.org,Male,167.189.114.58
647,Kevin,Simmons,ksimmonshy@networkadvertising.org,Male,37.16.28.110
648,Virginia,Riley,vrileyhz@addthis.com,Female,90.192.110.137
649,Nicole,Harper,nharperi0@comcast.net,Female,151.230.76.128
650,Laura,Ramirez,lramirezi1@homestead.com,Female,4.181.232.12
651,Dennis,Howard,dhowardi2@tuttocitta.it,Male,143.25.165.66
652,Christopher,Meyer,cmeyeri3@comsenz.com,Male,109.10.86.217
653,Amy,Gonzalez,agonzalezi4@google.ca,Female,27.204.95.31
654,Angela,Washington,awashingtoni5@pbs.org,Female,181.135.168.197
655,Pamela,Ortiz,portizi6@usda.gov,Female,210.251.34.160
656,Jesse,Rose,jrosei7@fotki.com,Male,138.215.205.183
657,Wayne,Johnson,wjohnsoni8@livejournal.com,Male,208.97.11.105
658,Lawrence,Ramos,lramosi9@pen.io,Male,252.129.79.106
659,Carol,Lopez,clopezia@abc.net.au,Female,26.78.175.149
660,Joshua,Elliott,jelliottib@ning.com,Male,131.241.229.255
661,Larry,Olson,lolsonic@linkedin.com,Male,170.42.153.91
662,Jean,Howard,jhowardid@tripadvisor.com,Female,36.230.22.177
663,Jack,Woods,jwoodsie@discovery.com,Male,14.178.80.57
664,Janet,Rivera,jriveraif@sohu.com,Female,130.188.161.240
665,Steven,Olson,solsonig@flavors.me,Male,162.9.100.221
666,Shirley,Morrison,smorrisonih@blogtalkradio.com,Female,59.211.65.202
667,Irene,Perry,iperryii@squidoo.com,Female,204.124.63.24
668,Jean,Ray,jrayij@example.com,Female,30.191.92.46
669,Theresa,Schmidt,tschmidtik@google.pl,Female,197.57.241.120
670,Steve,Sanders,ssandersil@irs.gov,Male,32.209.26.159
671,Andrea,Cook,acookim@mit.edu,Female,101.253.1.151
672,James,Brown,jbrownin@mozilla.com,Male,242.190.146.53
673,Barbara,Green,bgreenio@ca.gov,Female,9.136.194.16
674,Lillian,Torres,ltorresip@plala.or.jp,Female,198.41.124.28
675,Bonnie,Ward,bwardiq@bloglovin.com,Female,205.54.202.58
676,Brenda,Gibson,bgibsonir@hugedomains.com,Female,183.166.26.185
677,Christina,Mcdonald,cmcdonaldis@hud.gov,Female,250.200.204.191
678,Denise,James,djamesit@macromedia.com,Female,62.4.170.238
679,Bobby,Alexander,balexanderiu@indiegogo.com,Male,1.63.176.89
680,Cheryl,Reid,creidiv@go.com,Female,124.36.168.123
681,Tina,Larson,tlarsoniw@yahoo.com,Female,107.148.157.243
682,Karen,Baker,kbakerix@mapquest.com,Female,24.170.61.180
683,Stephanie,Price,spriceiy@dmoz.org,Female,146.99.239.63
684,Randy,Smith,rsmithiz@time.com,Male,246.251.73.64
685,Craig,Fox,cfoxj0@wikispaces.com,Male,82.26.164.161
686,Howard,Fisher,hfisherj1@diigo.com,Male,218.213.69.93
687,Shirley,Carr,scarrj2@umich.edu,Female,145.15.93.36
688,Howard,Wheeler,hwheelerj3@cbc.ca,Male,76.217.238.7
689,Theresa,Kim,tkimj4@live.com,Female,119.29.165.39
690,Ashley,Perkins,aperkinsj5@wikispaces.com,Female,29.4.165.29
691,Robert,Franklin,rfranklinj6@sakura.ne.jp,Male,95.176.179.159
692,Diane,Ellis,dellisj7@paginegialle.it,Female,205.210.229.124
693,Alan,Clark,aclarkj8@un.org,Male,135.142.97.91
694,Johnny,Tucker,jtuckerj9@home.pl,Male,23.188.242.195
695,Steven,Carter,scarterja@chron.com,Male,105.155.129.139
696,Roy,Andrews,randrewsjb@wp.com,Male,36.20.239.99
697,Mark,Dean,mdeanjc@alexa.com,Male,27.97.135.223
698,Lisa,Matthews,lmatthewsjd@slideshare.net,Female,53.139.84.226
699,Thomas,Bradley,tbradleyje@gnu.org,Male,115.224.176.118
700,Kathleen,Shaw,kshawjf@google.co.uk,Female,19.70.173.195
701,Alice,Little,alittlejg@ebay.co.uk,Female,177.113.44.225
702,Earl,Thompson,ethompsonjh@phpbb.com,Male,99.157.226.30
703,Carlos,Murphy,cmurphyji@cnbc.com,Male,249.168.110.20
704,Michael,Hughes,mhughesjj@imdb.com,Male,165.196.70.69
705,Adam,Woods,awoodsjk@exblog.jp,Male,123.250.184.249
706,Alice,Rogers,arogersjl@whitehouse.gov,Female,20.0.243.234
707,Rachel,Fields,rfieldsjm@census.gov,Female,93.204.153.32
708,Sean,Butler,sbutlerjn@hp.com,Male,216.80.130.14
709,Todd,Richardson,trichardsonjo@webnode.com,Male,34.146.56.140
710,Rose,Day,rdayjp@qq.com,Female,77.83.59.73
711,Rachel,Kim,rkimjq@ustream.tv,Female,67.96.114.240
712,Lori,Boyd,lboydjr@sciencedirect.com,Female,228.225.95.177
713,Teresa,Bailey,tbaileyjs@vinaora.com,Female,57.128.169.171
714,Carlos,Johnston,cjohnstonjt@biblegateway.com,Male,91.222.5.26
715,Jeffrey,Murray,jmurrayju@census.gov,Male,225.240.195.67
716,Laura,Graham,lgrahamjv@myspace.com,Female,197.162.132.7
717,Sara,Carr,scarrjw@tiny.cc,Female,132.252.83.105
718,Teresa,Hudson,thudsonjx@dailymotion.com,Female,111.117.214.188
719,Nicholas,Jordan,njordanjy@tripod.com,Male,49.63.224.162
720,Gerald,Reynolds,greynoldsjz@taobao.com,Male,156.132.14.192
721,Stephen,Woods,swoodsk0@joomla.org,Male,222.171.165.168
722,Sara,Willis,swillisk1@comcast.net,Female,251.63.178.180
723,Ryan,George,rgeorgek2@pbs.org,Male,114.49.122.7
724,Joan,Wells,jwellsk3@cornell.edu,Female,20.32.84.208
725,Alice,Green,agreenk4@amazon.co.uk,Female,100.185.29.84
726,Alan,Andrews,aandrewsk5@homestead.com,Male,31.166.238.34
727,Judy,Carroll,jcarrollk6@yandex.ru,Female,33.28.175.37
728,Charles,Sanchez,csanchezk7@abc.net.au,Male,195.99.18.74
729,Kathy,Vasquez,kvasquezk8@mashable.com,Female,195.138.164.194
730,Louis,Hunter,lhunterk9@patch.com,Male,218.132.51.195
731,Paula,Walker,pwalkerka@a8.net,Female,95.0.236.188
732,Edward,Hansen,ehansenkb@alexa.com,Male,128.88.185.148
733,Teresa,Bailey,tbaileykc@barnesandnoble.com,Female,197.126.254.45
734,Linda,Adams,ladamskd@blogger.com,Female,135.101.146.38
735,Douglas,Ward,dwardke@foxnews.com,Male,9.231.143.135
736,Arthur,Bryant,abryantkf@bbc.co.uk,Male,140.5.122.31
737,Rebecca,Williams,rwilliamskg@google.ru,Female,197.24.90.133
738,Tammy,Larson,tlarsonkh@uol.com.br,Female,185.94.252.144
739,Walter,Hansen,whansenki@msn.com,Male,200.43.55.109
740,Scott,Bradley,sbradleykj@state.gov,Male,112.48.101.255
741,Diana,Sims,dsimskk@ycombinator.com,Female,36.251.154.8
742,Joe,Warren,jwarrenkl@google.cn,Male,159.205.140.244
743,Jose,Stephens,jstephenskm@cyberchimps.com,Male,34.116.43.180
744,Deborah,Kennedy,dkennedykn@senate.gov,Female,184.1.88.28
745,Martin,Day,mdayko@geocities.jp,Male,223.93.201.81
746,Frances,Burke,fburkekp@unesco.org,Female,203.24.140.105
747,Johnny,Powell,jpowellkq@blogs.com,Male,72.55.25.141
748,Norma,Peterson,npetersonkr@phoca.cz,Female,12.32.235.106
749,Chris,Allen,callenks@list-manage.com,Male,30.110.46.174
750,Joan,Wood,jwoodkt@latimes.com,Female,131.248.252.203
751,Elizabeth,Garcia,egarciaku@edublogs.org,Female,185.67.117.132
752,Lois,Little,llittlekv@com.com,Female,16.26.10.122
753,Teresa,Ray,traykw@irs.gov,Female,45.193.148.102
754,Jeffrey,Meyer,jmeyerkx@usatoday.com,Male,226.177.47.142
755,Gregory,Morris,gmorrisky@istockphoto.com,Male,212.121.239.252
756,Donald,Stone,dstonekz@nba.com,Male,242.115.118.5
757,James,King,jkingl0@soundcloud.com,Male,104.52.88.105
758,Ruth,Welch,rwelchl1@blog.com,Female,155.21.146.116
759,Anna,Payne,apaynel2@cnbc.com,Female,71.234.158.146
760,Richard,Ford,rfordl3@army.mil,Male,245.79.235.87
761,Dennis,Lawson,dlawsonl4@skype.com,Male,198.62.135.12
762,Christopher,Cox,ccoxl5@ebay.com,Male,251.31.237.100
763,Eric,Harper,eharperl6@dion.ne.jp,Male,40.252.42.32
764,Billy,Fox,bfoxl7@symantec.com,Male,33.166.65.133
765,Helen,Gutierrez,hgutierrezl8@behance.net,Female,226.188.171.34
766,Kathy,Smith,ksmithl9@deliciousdays.com,Female,233.11.232.233
767,Gloria,Woods,gwoodsla@auda.org.au,Female,49.61.60.127
768,Tina,Carter,tcarterlb@simplemachines.org,Female,183.175.60.144
769,Billy,Snyder,bsnyderlc@ask.com,Male,60.144.209.4
770,Frank,Gilbert,fgilbertld@salon.com,Male,104.15.14.109
771,Christopher,Meyer,cmeyerle@unesco.org,Male,88.0.160.75
772,Betty,Martinez,bmartinezlf@samsung.com,Female,118.111.50.142
773,Jerry,Arnold,jarnoldlg@vistaprint.com,Male,225.93.70.149
774,Ruby,Wells,rwellslh@geocities.com,Female,52.224.228.8
775,Norma,Franklin,nfranklinli@dion.ne.jp,Female,153.105.64.239
776,Walter,Wells,wwellslj@list-manage.com,Male,215.133.119.70
777,Brenda,Ferguson,bfergusonlk@elegantthemes.com,Female,39.91.43.74
778,Patrick,Campbell,pcampbellll@gmpg.org,Male,122.247.199.54
779,Keith,Griffin,kgriffinlm@webs.com,Male,47.99.235.69
780,Fred,Knight,fknightln@zdnet.com,Male,62.71.90.121
781,Phillip,Williamson,pwilliamsonlo@cnbc.com,Male,138.85.204.195
782,Bobby,Wells,bwellslp@hubpages.com,Male,69.239.202.173
783,Barbara,Fox,bfoxlq@storify.com,Female,72.29.197.37
784,Robert,Murray,rmurraylr@sakura.ne.jp,Male,35.128.114.197
785,Willie,Fernandez,wfernandezls@free.fr,Male,188.192.211.47
786,Doris,Perry,dperrylt@prnewswire.com,Female,132.127.126.141
787,Adam,Henderson,ahendersonlu@wix.com,Male,185.189.188.169
788,Willie,Rogers,wrogerslv@networksolutions.com,Male,141.248.126.208
789,Diane,Edwards,dedwardslw@theatlantic.com,Female,218.73.67.189
790,Justin,Bryant,jbryantlx@xrea.com,Male,144.134.76.85
791,Susan,Parker,sparkerly@ameblo.jp,Female,18.2.91.96
792,Craig,Hall,challlz@furl.net,Male,120.35.117.154
793,Paul,Butler,pbutlerm0@bbb.org,Male,85.232.120.80
794,Ann,Riley,arileym1@irs.gov,Female,127.198.18.223
795,Amanda,Diaz,adiazm2@ox.ac.uk,Female,132.94.128.198
796,Jack,Perkins,jperkinsm3@berkeley.edu,Male,52.72.214.173
797,Sandra,Murphy,smurphym4@topsy.com,Female,18.93.40.195
798,Julie,Hansen,jhansenm5@nhs.uk,Female,233.107.146.40
799,Evelyn,Franklin,efranklinm6@cbsnews.com,Female,167.100.114.187
800,Beverly,Mcdonald,bmcdonaldm7@naver.com,Female,61.219.220.94
801,Ann,Harris,aharrism8@drupal.org,Female,231.85.95.205
802,Eugene,Morris,emorrism9@uol.com.br,Male,164.167.123.35
803,Fred,Graham,fgrahamma@phoca.cz,Male,48.47.220.137
804,Clarence,Phillips,cphillipsmb@bravesites.com,Male,21.155.116.45
805,Roy,Kim,rkimmc@indiatimes.com,Male,132.82.112.87
806,Janet,Washington,jwashingtonmd@cbslocal.com,Female,224.242.67.222
807,Gary,Crawford,gcrawfordme@mail.ru,Male,212.18.204.231
808,Sarah,Garrett,sgarrettmf@unblog.fr,Female,37.164.159.236
809,Sarah,Rodriguez,srodriguezmg@wordpress.org,Female,120.57.111.41
810,Theresa,Martinez,tmartinezmh@devhub.com,Female,210.50.140.146
811,Douglas,Myers,dmyersmi@noaa.gov,Male,112.55.137.56
812,Barbara,Price,bpricemj@delicious.com,Female,69.95.46.239
813,Jason,Fisher,jfishermk@vkontakte.ru,Male,56.209.188.148
814,William,Cunningham,wcunninghamml@japanpost.jp,Male,220.251.92.38
815,Shirley,Scott,sscottmm@google.co.uk,Female,170.189.230.50
816,Evelyn,Wallace,ewallacemn@abc.net.au,Female,125.45.215.124
817,Thomas,Gutierrez,tgutierrezmo@epa.gov,Male,100.132.171.2
818,Stephen,Reed,sreedmp@tripadvisor.com,Male,69.154.75.128
819,Heather,Henry,hhenrymq@techcrunch.com,Female,55.16.219.193
820,Linda,Lopez,llopezmr@pcworld.com,Female,223.126.219.235
821,Ernest,Torres,etorresms@about.me,Male,17.158.158.96
822,Joyce,Jordan,jjordanmt@springer.com,Female,84.29.206.76
823,Melissa,Gibson,mgibsonmu@51.la,Female,238.152.194.185
824,Emily,Rose,erosemv@a8.net,Female,82.81.202.132
825,Anthony,Ramos,aramosmw@vk.com,Male,134.45.171.16
826,Robin,Williamson,rwilliamsonmx@technorati.com,Female,255.226.136.160
827,Jason,Owens,jowensmy@usgs.gov,Male,72.22.177.95
828,Philip,Russell,prussellmz@skype.com,Male,83.30.196.122
829,Cheryl,Wells,cwellsn0@aboutads.info,Female,14.137.54.197
830,Christine,Morgan,cmorgann1@diigo.com,Female,191.98.201.177
831,Janice,Diaz,jdiazn2@engadget.com,Female,90.123.143.255
832,Keith,Sims,ksimsn3@goo.gl,Male,184.242.104.235
833,Paul,Gardner,pgardnern4@godaddy.com,Male,184.109.75.101
834,Samuel,Miller,smillern5@vkontakte.ru,Male,14.42.216.10
835,Randy,Gutierrez,rgutierrezn6@twitter.com,Male,174.22.174.216
836,Aaron,Grant,agrantn7@java.com,Male,165.126.166.177
837,Harry,Olson,holsonn8@mtv.com,Male,84.199.198.64
838,Ashley,Campbell,acampbelln9@squarespace.com,Female,149.132.147.22
839,Sarah,Cox,scoxna@uiuc.edu,Female,64.166.182.155
840,Anthony,Richards,arichardsnb@tinypic.com,Male,112.192.61.231
841,Justin,Wallace,jwallacenc@weebly.com,Male,94.116.210.66
842,Joan,Jackson,jjacksonnd@techcrunch.com,Female,237.69.25.21
843,Timothy,Moore,tmoorene@amazon.com,Male,22.187.104.135
844,Christina,King,ckingnf@theguardian.com,Female,203.226.213.59
845,Samuel,Brown,sbrownng@barnesandnoble.com,Male,3.38.183.164
846,Robert,Lawson,rlawsonnh@intel.com,Male,197.139.30.85
847,Alice,Johnston,ajohnstonni@ocn.ne.jp,Female,58.33.108.131
848,Thomas,Turner,tturnernj@statcounter.com,Male,87.198.225.101
849,Sean,Cox,scoxnk@multiply.com,Male,185.234.70.184
850,Marilyn,Garrett,mgarrettnl@ebay.co.uk,Female,255.167.25.17
851,Jerry,Hansen,jhansennm@whitehouse.gov,Male,43.130.21.241
852,Carl,Sanchez,csancheznn@is.gd,Male,96.252.29.208
853,Ryan,Johnston,rjohnstonno@t-online.de,Male,121.159.155.27
854,Bobby,Peters,bpetersnp@about.me,Male,178.168.199.13
855,Larry,Woods,lwoodsnq@msu.edu,Male,49.59.51.217
856,Charles,Hayes,chayesnr@icio.us,Male,181.80.243.255
857,Melissa,Williamson,mwilliamsonns@soundcloud.com,Female,50.178.145.99
858,Edward,Sims,esimsnt@dailymotion.com,Male,228.129.42.161
859,Jonathan,Hunter,jhunternu@buzzfeed.com,Male,212.198.36.215
860,Roger,Lawson,rlawsonnv@tumblr.com,Male,144.20.116.125
861,James,Hanson,jhansonnw@twitpic.com,Male,25.140.64.82
862,Timothy,Martinez,tmartineznx@furl.net,Male,93.7.239.149
863,Peter,Ruiz,pruizny@wikispaces.com,Male,3.83.127.170
864,Amanda,Chavez,achaveznz@wikipedia.org,Female,98.207.206.181
865,Christopher,Miller,cmillero0@apple.com,Male,238.190.208.45
866,Maria,Taylor,mtayloro1@newyorker.com,Female,110.110.51.23
867,Teresa,Chavez,tchavezo2@wufoo.com,Female,239.136.100.172
868,Jeffrey,Russell,jrussello3@desdev.cn,Male,157.79.145.132
869,Russell,Sanders,rsanderso4@topsy.com,Male,91.56.179.11
870,Susan,Moore,smooreo5@who.int,Female,85.25.219.89
871,Denise,Morgan,dmorgano6@ed.gov,Female,60.147.141.19
872,Martha,Henry,mhenryo7@google.com,Female,160.58.217.251
873,Matthew,George,mgeorgeo8@dailymail.co.uk,Male,60.166.81.241
874,Rose,Lawson,rlawsono9@harvard.edu,Female,69.232.128.73
875,Brenda,Washington,bwashingtonoa@globo.com,Female,92.139.15.163
876,Ryan,Turner,rturnerob@webmd.com,Male,15.87.4.242
877,Adam,Russell,arusselloc@soup.io,Male,202.143.54.133
878,Juan,Wright,jwrightod@boston.com,Male,192.3.95.100
879,Irene,Green,igreenoe@si.edu,Female,135.233.129.177
880,Kathryn,Harper,kharperof@google.com,Female,156.2.109.12
881,Ashley,Rose,aroseog@msu.edu,Female,198.111.102.156
882,Ryan,Perkins,rperkinsoh@360.cn,Male,189.13.187.86
883,Sharon,Adams,sadamsoi@trellian.com,Female,176.144.24.106
884,Walter,Bailey,wbaileyoj@pcworld.com,Male,119.182.134.44
885,Jimmy,Snyder,jsnyderok@w3.org,Male,53.134.247.37
886,Ronald,Ford,rfordol@addtoany.com,Male,22.198.77.175
887,Wanda,Henderson,whendersonom@delicious.com,Female,88.73.161.80
888,Louis,Ford,lfordon@live.com,Male,109.79.145.94
889,George,Welch,gwelchoo@ox.ac.uk,Male,159.170.57.151
890,Rachel,Collins,rcollinsop@ow.ly,Female,85.209.21.134
891,Benjamin,Daniels,bdanielsoq@irs.gov,Male,25.49.62.150
892,Jeffrey,Woods,jwoodsor@baidu.com,Male,175.4.238.233
893,Benjamin,Payne,bpayneos@cmu.edu,Male,101.143.223.102
894,Harry,Russell,hrussellot@mediafire.com,Male,0.251.134.164
895,Brian,Peters,bpetersou@last.fm,Male,168.52.131.71
896,Steven,Snyder,ssnyderov@sohu.com,Male,85.119.39.137
897,Andrea,Burke,aburkeow@squidoo.com,Female,38.139.99.69
898,Lisa,Perry,lperryox@feedburner.com,Female,62.17.170.223
899,Tammy,Green,tgreenoy@blog.com,Female,154.150.5.122
900,Richard,Palmer,rpalmeroz@themeforest.net,Male,185.242.141.16
901,Joyce,Hill,jhillp0@umich.edu,Female,5.146.158.19
902,Gerald,Reid,greidp1@uiuc.edu,Male,227.242.200.29
903,Jessica,Gordon,jgordonp2@ft.com,Female,254.126.185.183
904,Terry,Wells,twellsp3@netlog.com,Male,225.11.31.132
905,Amanda,Morales,amoralesp4@walmart.com,Female,176.231.131.133
906,Clarence,Daniels,cdanielsp5@desdev.cn,Male,43.159.69.25
907,Joe,Fowler,jfowlerp6@salon.com,Male,193.233.106.33
908,Thomas,Hanson,thansonp7@imdb.com,Male,252.80.9.47
909,James,Larson,jlarsonp8@gov.uk,Male,175.70.36.70
910,Julie,Nguyen,jnguyenp9@senate.gov,Female,12.111.66.61
911,Robert,Henderson,rhendersonpa@dailymotion.com,Male,59.4.41.35
912,Frances,Bishop,fbishoppb@t-online.de,Female,117.28.5.14
913,Debra,Kennedy,dkennedypc@phoca.cz,Female,34.176.174.145
914,Paul,Bennett,pbennettpd@businessweek.com,Male,138.122.220.23
915,Joyce,Austin,jaustinpe@spotify.com,Female,134.235.211.31
916,Martin,Hill,mhillpf@themeforest.net,Male,86.243.77.84
917,Lois,Moore,lmoorepg@delicious.com,Female,202.58.189.77
918,Heather,Watkins,hwatkinsph@domainmarket.com,Female,247.129.35.166
919,Gary,Willis,gwillispi@fda.gov,Male,25.225.57.205
920,Rose,Cox,rcoxpj@liveinternet.ru,Female,91.99.139.241
921,Diane,Fisher,dfisherpk@dropbox.com,Female,17.239.23.139
922,Janice,Turner,jturnerpl@cafepress.com,Female,1.189.194.81
923,Ann,Freeman,afreemanpm@plala.or.jp,Female,212.234.191.21
924,Diane,Webb,dwebbpn@gizmodo.com,Female,183.169.209.28
925,Robin,Garza,rgarzapo@amazon.co.uk,Female,140.241.228.30
926,Theresa,Freeman,tfreemanpp@tuttocitta.it,Female,23.45.233.184
927,Helen,Smith,hsmithpq@hud.gov,Female,80.69.122.196
928,Douglas,King,dkingpr@soup.io,Male,96.96.231.98
929,Willie,Turner,wturnerps@forbes.com,Male,143.196.252.101
930,Carlos,Clark,cclarkpt@scribd.com,Male,223.102.68.42
931,Steve,Gilbert,sgilbertpu@people.com.cn,Male,54.16.29.246
932,Russell,Washington,rwashingtonpv@army.mil,Male,203.86.163.144
933,Amy,Evans,aevanspw@nationalgeographic.com,Female,191.82.240.82
934,Mary,Mills,mmillspx@amazon.de,Female,154.42.157.209
935,Adam,Morgan,amorganpy@live.com,Male,166.238.131.219
936,Dennis,Cooper,dcooperpz@phoca.cz,Male,64.187.183.23
937,Emily,White,ewhiteq0@slashdot.org,Female,146.145.136.79
938,Ryan,West,rwestq1@twitter.com,Male,131.80.153.180
939,Paula,Weaver,pweaverq2@reverbnation.com,Female,34.252.187.65
940,Mark,Shaw,mshawq3@icq.com,Male,182.125.104.42
941,Douglas,Richardson,drichardsonq4@ask.com,Male,149.21.116.20
942,Debra,Campbell,dcampbellq5@simplemachines.org,Female,129.74.138.16
943,Robert,Fuller,rfullerq6@slashdot.org,Male,172.128.209.73
944,David,Collins,dcollinsq7@ycombinator.com,Male,115.38.3.60
945,Ruby,Mccoy,rmccoyq8@theguardian.com,Female,58.200.27.16
946,Carl,Bennett,cbennettq9@cornell.edu,Male,189.173.211.127
947,Lawrence,Andrews,landrewsqa@census.gov,Male,21.221.118.120
948,Raymond,Olson,rolsonqb@wufoo.com,Male,237.0.127.88
949,Richard,Foster,rfosterqc@edublogs.org,Male,194.43.109.39
950,Philip,James,pjamesqd@apple.com,Male,178.137.54.228
951,Douglas,Howard,dhowardqe@cornell.edu,Male,100.46.108.195
952,Sharon,Graham,sgrahamqf@vimeo.com,Female,35.174.83.68
953,Anthony,West,awestqg@blogtalkradio.com,Male,228.158.35.124
954,Gary,Mccoy,gmccoyqh@studiopress.com,Male,191.154.218.3
955,Anna,Ramos,aramosqi@ycombinator.com,Female,137.196.225.5
956,Marie,Scott,mscottqj@un.org,Female,223.35.211.68
957,Marie,Burns,mburnsqk@telegraph.co.uk,Female,30.77.191.174
958,Aaron,Johnston,ajohnstonql@google.nl,Male,190.115.7.31
959,Teresa,Phillips,tphillipsqm@nytimes.com,Female,97.235.100.67
960,Julie,Garcia,jgarciaqn@ehow.com,Female,122.190.101.161
961,Jason,Bell,jbellqo@is.gd,Male,83.105.149.153
962,Kenneth,Hayes,khayesqp@twitter.com,Male,28.28.233.215
963,James,Elliott,jelliottqq@wiley.com,Male,0.77.228.230
964,Rebecca,Medina,rmedinaqr@home.pl,Female,137.29.215.141
965,Nicholas,Cook,ncookqs@noaa.gov,Male,71.234.222.200
966,Diane,Stephens,dstephensqt@indiatimes.com,Female,147.199.138.72
967,Raymond,Reed,rreedqu@joomla.org,Male,198.218.125.155
968,Michael,Carpenter,mcarpenterqv@cbslocal.com,Male,55.136.235.144
969,Gary,Foster,gfosterqw@dyndns.org,Male,51.107.167.197
970,Betty,Bishop,bbishopqx@pcworld.com,Female,244.159.204.31
971,Thomas,Simmons,tsimmonsqy@purevolume.com,Male,99.146.111.42
972,Jerry,Bell,jbellqz@imdb.com,Male,202.141.239.160
973,Mildred,Hamilton,mhamiltonr0@elegantthemes.com,Female,150.219.238.227
974,Annie,Franklin,afranklinr1@webmd.com,Female,239.51.54.146
975,Christine,Gibson,cgibsonr2@360.cn,Female,102.64.196.52
976,Jose,Simmons,jsimmonsr3@springer.com,Male,86.190.210.192
977,Kathryn,Patterson,kpattersonr4@angelfire.com,Female,126.99.226.38
978,Sara,Scott,sscottr5@google.com.au,Female,161.137.105.99
979,Sean,Lawson,slawsonr6@usgs.gov,Male,223.234.243.178
980,Harry,Hanson,hhansonr7@ebay.co.uk,Male,107.75.153.31
981,Tammy,Stewart,tstewartr8@livejournal.com,Female,252.26.25.42
982,Virginia,Long,vlongr9@google.com.hk,Female,243.70.216.216
983,Maria,Gardner,mgardnerra@alexa.com,Female,84.209.212.104
984,Albert,Scott,ascottrb@cnn.com,Male,124.196.97.242
985,Beverly,Sullivan,bsullivanrc@google.de,Female,45.157.172.83
986,Jimmy,Ortiz,jortizrd@com.com,Male,27.150.166.20
987,Evelyn,Stone,estonere@histats.com,Female,3.2.89.190
988,Jose,Peterson,jpetersonrf@posterous.com,Male,228.93.115.235
989,Nicholas,Tucker,ntuckerrg@forbes.com,Male,171.242.179.11
990,Judy,Wood,jwoodrh@surveymonkey.com,Female,252.45.43.131
991,Harold,Armstrong,harmstrongri@marriott.com,Male,106.152.78.119
992,Gregory,Jackson,gjacksonrj@topsy.com,Male,228.50.154.170
993,Richard,Garcia,rgarciark@gmpg.org,Male,101.203.109.125
994,Beverly,Hernandez,bhernandezrl@fastcompany.com,Female,221.183.136.172
995,Willie,Arnold,warnoldrm@dmoz.org,Male,61.161.99.156
996,Fred,James,fjamesrn@bandcamp.com,Male,174.167.99.211
997,Anthony,Kim,akimro@geocities.com,Male,165.248.42.38
998,Marilyn,Martinez,mmartinezrp@irs.gov,Female,7.147.24.236
999,Frances,Foster,ffosterrq@bizjournals.com,Female,219.137.184.116
1000,Scott,Berry,sberryrr@usnews.com,Male,14.243.100.98
